song_id,title,artist,genre,mood
song_0001,Hit break speech,Mary Villa,Pop,Happy
song_0002,Why high,Amanda Garrett,Jazz,Sad
song_0003,Report study,Amy Garcia,Rock,Sad
song_0004,Prove college,Robert Evans,Pop,Happy
song_0005,Yet radio,Cory Skinner,Classical,Chill
song_0006,Day final,Danielle Wade,Pop,Happy
song_0007,Glass us,Mr. Paul Johnson,Pop,Sad
song_0008,Go early,Angela Burton,Rock,Happy
song_0009,Start accept tough,Manuel Brown,Classical,Sad
song_0010,Appear serve,Troy Pitts,Classical,Chill
song_0011,It hold hard,Brandon Tucker,Rock,Chill
song_0012,Girl out include,James Horne,Classical,Energetic
song_0013,Arrive imagine say,Mark Malone,Pop,Sad
song_0014,Modern speak,Cassandra Ellis,Hip-Hop,Energetic
song_0015,Allow itself,Ronald Howard,Jazz,Sad
song_0016,Young own,Christina Lam,Rock,Energetic
song_0017,Player place unit,Sheryl Trujillo,Pop,Happy
song_0018,Marriage decade family,Amanda Meadows,Hip-Hop,Happy
song_0019,Join when,Harold Chaney,Jazz,Energetic
song_0020,Value central,Logan Harris,Classical,Energetic
song_0021,Forward staff great fear,Theresa Aguirre,Pop,Chill
song_0022,Pretty too,Kelly Contreras,Classical,Happy
song_0023,Risk black board,Daniel Ramsey,Hip-Hop,Happy
song_0024,Painting national,Patricia Ball,Classical,Energetic
song_0025,Quite population,Brian Jennings,Classical,Energetic
song_0026,Wait,Bryce Cole,Classical,Sad
song_0027,Skill professor Mrs,Timothy Ramsey,Pop,Happy
song_0028,Current,Rhonda Ewing,Rock,Energetic
song_0029,Good modern buy,Kevin Smith,Pop,Sad
song_0030,Stop scientist,Gary Cook,Pop,Chill
song_0031,Clearly on,David Roy,Jazz,Chill
song_0032,Deal likely night,Elizabeth Gallagher,Jazz,Sad
song_0033,Enough along,Lauren Parker,Jazz,Energetic
song_0034,Agent,Jonathan Marks,Rock,Energetic
song_0035,Memory company,Michael Underwood,Pop,Sad
song_0036,Tonight out,Tyler Adams,Classical,Sad
song_0037,Though record,Brittany Stevens,Rock,Chill
song_0038,Up bad,Christopher Thompson,Hip-Hop,Energetic
song_0039,Administration treatment,Michelle Rush,Classical,Sad
song_0040,How,Benjamin Brown,Jazz,Happy
song_0041,Away become movement on,Bryce Schmidt,Rock,Happy
song_0042,Doctor record,Devon Johnson,Jazz,Chill
song_0043,Reflect should,Scott Price,Jazz,Happy
song_0044,Respond peace enjoy,Ashley Holmes,Rock,Energetic
song_0045,Likely by,Scott Roberts,Rock,Chill
song_0046,Everybody see listen,Nicole Johnson,Hip-Hop,Chill
song_0047,Five hold,Kathleen Guerrero,Rock,Energetic
song_0048,Exactly party true,Katrina Grimes,Rock,Sad
song_0049,Surface nature,Jessica Friedman,Classical,Energetic
song_0050,While information,John Garcia,Classical,Chill
song_0051,Life social,Cynthia Sims,Classical,Chill
song_0052,Agent Congress want,David Butler,Jazz,Sad
song_0053,Floor return plan,Evan Spencer,Rock,Chill
song_0054,Technology whatever,Taylor Wallace,Pop,Happy
song_0055,Plan feeling his,Nathan Gill,Pop,Sad
song_0056,Or me,Kevin Rodriguez,Rock,Chill
song_0057,Lay inside,Brian Edwards,Classical,Happy
song_0058,Determine have economic,Amanda Hancock,Hip-Hop,Chill
song_0059,Others such south,Mariah Graham,Classical,Chill
song_0060,Tend happen clear,Scott Edwards,Classical,Energetic
song_0061,Trade white small fish,Ryan Logan,Classical,Happy
song_0062,Debate him,Heather Carroll,Pop,Energetic
song_0063,Itself remember,Gary Rogers,Jazz,Happy
song_0064,What common leg,Kevin Rogers,Jazz,Chill
song_0065,Agent strategy management,Laura Hoffman,Rock,Chill
song_0066,Third door power attorney,Carlos Kim,Pop,Energetic
song_0067,Bar leave,Gina Martin,Classical,Sad
song_0068,American letter,Morgan Gibson,Classical,Happy
song_0069,Through those site,Diana Wilson,Jazz,Sad
song_0070,Clearly catch yes,Michael Carlson,Rock,Energetic
song_0071,Arm week,Walter Franklin,Rock,Happy
song_0072,Determine exist,Kyle Simpson,Classical,Energetic
song_0073,Task sound,Laura Petersen,Hip-Hop,Happy
song_0074,Foot cup,John Reynolds,Pop,Energetic
song_0075,Help,Jennifer Baxter,Jazz,Sad
song_0076,Five her,Ann Lynn,Pop,Sad
song_0077,Available cultural show,Troy Stevenson,Classical,Happy
song_0078,Suddenly couple,Timothy Meyer,Pop,Chill
song_0079,Painting,Janice Smith,Pop,Sad
song_0080,Billion go,Benjamin Stewart,Rock,Chill
song_0081,Fill trade,Alexa Snyder,Classical,Sad
song_0082,Social north exist,Stephen Lynn,Jazz,Chill
song_0083,Machine body,Tyler Gonzalez,Rock,Sad
song_0084,Much place way,Jeremy King,Jazz,Chill
song_0085,Color free American,Jason Stevens,Jazz,Chill
song_0086,Speech his financial,Stacy West,Classical,Chill
song_0087,With picture mouth,Colin Tapia,Pop,Sad
song_0088,Mouth without whatever,James Humphrey,Rock,Happy
song_0089,Eight yet write,Cory Brooks,Jazz,Happy
song_0090,Training,Taylor Gallegos,Classical,Sad
song_0091,Lay modern management,James Walker,Classical,Sad
song_0092,Oil,Kimberly Hendricks,Pop,Happy
song_0093,Drug paper personal,Michael Henderson,Pop,Sad
song_0094,Certainly court page,Justin Myers,Pop,Happy
song_0095,Close American set,Michelle Zuniga,Jazz,Happy
song_0096,Control fear whole thank,Donald Miller,Classical,Sad
song_0097,Exist service,Tracy Williams,Jazz,Chill
song_0098,Worry listen,Sharon Alexander,Rock,Sad
song_0099,Option special,Megan Mason,Classical,Chill
song_0100,Hit price level,Anthony White,Rock,Chill
song_0101,Ever wish money,William Taylor,Hip-Hop,Sad
song_0102,Ground others fact,Megan Snyder,Pop,Happy
song_0103,Smile check successful medical,Mrs. Jennifer Gonzalez,Hip-Hop,Energetic
song_0104,Especially city,Darlene Lawson,Hip-Hop,Chill
song_0105,Music baby step,Allison Hicks,Hip-Hop,Happy
song_0106,Store car foot,Crystal Erickson,Pop,Happy
song_0107,Recognize live,Brian Krueger,Hip-Hop,Energetic
song_0108,Federal form manage,Rachel Washington,Pop,Sad
song_0109,Control field business,Jesus Briggs,Rock,Sad
song_0110,Establish small total analysis,Adriana Santos,Classical,Chill
song_0111,Tell admit,Jose Odonnell,Rock,Chill
song_0112,Happen,Eric Garcia,Rock,Energetic
song_0113,Building high choose,Joel Nguyen,Hip-Hop,Sad
song_0114,As majority,Laura Cook,Pop,Chill
song_0115,Pretty,Brian Becker,Classical,Happy
song_0116,Education bill,Melinda Wall,Pop,Happy
song_0117,Southern evening color,Gregory Lawrence,Pop,Sad
song_0118,Southern standard science,Maria Davis,Rock,Chill
song_0119,Seek whose,Brenda Bender,Hip-Hop,Chill
song_0120,Spring behind,Shane Mendez,Rock,Chill
song_0121,Establish general effort,David Garcia,Pop,Sad
song_0122,By service both,Cynthia Wagner,Hip-Hop,Happy
song_0123,Sea deep speak,Heather Rodriguez,Hip-Hop,Energetic
song_0124,Student true coach,Amanda Miller,Hip-Hop,Energetic
song_0125,Crime per,Lydia Russell,Hip-Hop,Chill
song_0126,Relationship fear morning point,Timothy Peterson,Rock,Sad
song_0127,Quickly bring effect,James Martin,Jazz,Sad
song_0128,Energy skill,Matthew Berry,Pop,Happy
song_0129,Day later back,Laura Nicholson,Jazz,Happy
song_0130,Main culture,Abigail Franklin,Pop,Chill
song_0131,Fill lot,Donna Wells,Classical,Sad
song_0132,Mind another service,Spencer Sutton,Pop,Happy
song_0133,Detail direction mouth,Jessica Martinez,Rock,Happy
song_0134,Cold success mention,Chloe Marshall,Classical,Happy
song_0135,Child ago author,Sharon Moore,Rock,Chill
song_0136,Care city already,Michelle Hernandez,Pop,Sad
song_0137,Different choose,Willie Carpenter,Classical,Happy
song_0138,Actually arm,Gregory Lee,Classical,Happy
song_0139,Seek pretty,David Rice,Hip-Hop,Energetic
song_0140,Itself sign challenge,Aaron Fuller,Jazz,Sad
song_0141,Support democratic,Barbara Kelley,Jazz,Sad
song_0142,Race pay,Matthew Hunt,Jazz,Chill
song_0143,South during,Angela Lamb,Rock,Energetic
song_0144,Benefit effort medical,Vincent Cannon,Hip-Hop,Energetic
song_0145,Across skill even,Jenna Rodriguez,Pop,Happy
song_0146,Think air,Lori Wilson,Hip-Hop,Happy
song_0147,Either make,Gregory Pacheco,Pop,Sad
song_0148,Perform scene born,Michael Villegas,Classical,Energetic
song_0149,Plan across,Ricardo Lewis,Rock,Energetic
song_0150,Natural central different,Annette Graham,Pop,Sad
song_0151,Including whose right,Elizabeth Walter,Jazz,Energetic
song_0152,Successful cost,Sean Davidson,Rock,Chill
song_0153,Firm,Hannah Morrow,Classical,Energetic
song_0154,Leader become surface,Jeremy Scott,Classical,Happy
song_0155,President strong feel,Theresa Gomez,Classical,Energetic
song_0156,Grow go look,Dustin Dean,Pop,Sad
song_0157,Buy hand,Michael Watson,Jazz,Happy
song_0158,Exist force,Amanda Martinez,Pop,Sad
song_0159,Threat window something,Heather Allen,Jazz,Energetic
song_0160,Car identify present,Joseph Andrews,Classical,Sad
song_0161,Produce large,Ashley Hughes,Jazz,Sad
song_0162,Minute get PM,Nicole Davis,Jazz,Chill
song_0163,Security hand,Christopher Figueroa,Jazz,Happy
song_0164,Spend move produce join,Erica Snyder,Pop,Chill
song_0165,Center oil will staff,Lauren Allen,Jazz,Happy
song_0166,Southern change,Gregory Davenport,Pop,Energetic
song_0167,Catch create strong,Mason Acevedo,Rock,Energetic
song_0168,Gas indicate else,Keith Garner MD,Rock,Chill
song_0169,Company perform,Jill Lopez,Classical,Chill
song_0170,Image pretty,Theresa Jones,Classical,Happy
song_0171,Course late,Robert George,Pop,Happy
song_0172,Control research,James Waters,Rock,Happy
song_0173,Body eat,Kathleen Chavez,Jazz,Sad
song_0174,Memory may,Laurie Ellis,Hip-Hop,Sad
song_0175,Provide whom six,Brent Allen,Pop,Energetic
song_0176,Issue rest,Jeffrey King,Jazz,Happy
song_0177,Choice over tree,Aaron Pierce,Jazz,Sad
song_0178,Performance,Omar Ho,Rock,Happy
song_0179,Responsibility dark,Mandy Johnston,Jazz,Chill
song_0180,American property federal economic,Mary Watson,Classical,Sad
song_0181,Be I beyond,Cody Olsen,Rock,Sad
song_0182,Computer piece manage,Laura Copeland,Rock,Chill
song_0183,Space could,Elizabeth Freeman,Pop,Sad
song_0184,Itself together,Hannah Rice,Jazz,Chill
song_0185,Across already,Ellen Myers,Rock,Energetic
song_0186,Modern town,Dustin Ward,Rock,Happy
song_0187,Partner international major instead,Jason Reyes,Hip-Hop,Happy
song_0188,Fire go activity,Denise Perry,Hip-Hop,Sad
song_0189,Wall nor year,Alexandria Yang,Rock,Chill
song_0190,Dark size your themselves,Lisa Johnson,Jazz,Energetic
song_0191,Recognize western strategy,Darius Brown,Rock,Sad
song_0192,Season he,Michelle Wolf,Pop,Sad
song_0193,Effect garden,Matthew Freeman,Hip-Hop,Energetic
song_0194,Bed accept grow,Corey Moore,Jazz,Happy
song_0195,Free before,John Luna,Jazz,Energetic
song_0196,Sort prevent,Mrs. Heather Wiley,Classical,Chill
song_0197,Memory,Valerie Sanchez,Classical,Energetic
song_0198,Change its authority,Dana Holmes,Pop,Happy
song_0199,Ball scientist agree,Jason Robinson,Jazz,Sad
song_0200,Because yourself go,Colleen Torres,Classical,Energetic
